{
  "run": "hybrid_rrf_rewrite_rerank",
  "timestamp": "20260704_164358",
  "config": {
    "embed_model": "nomic-embed-text",
    "collection": "telco_ran",
    "qdrant_mode": "server",
    "retrieval_k": 10,
    "reranker": "BAAI/bge-reranker-base",
    "generator": "openai:gpt-5.5",
    "rewrite_prompt": "v2",
    "hybrid": true,
    "lane_k": 10,
    "rrf_k": 60,
    "ce_floor": 0.5,
    "pool_k": 20,
    "cutoffs": [
      1,
      3,
      5,
      10
    ]
  },
  "gold_set": "gold_set_v1.jsonl",
  "summary": {
    "overall": {
      "p@1": 1.0,
      "p@3": 0.3939393939393939,
      "p@5": 0.2363636363636364,
      "p@10": 0.12272727272727273,
      "r@1": 0.9015151515151515,
      "r@3": 0.9772727272727273,
      "r@5": 0.9772727272727273,
      "r@10": 1.0,
      "mrr": 1.0,
      "n": 22
    },
    "by_tier": {
      "easy": {
        "p@1": 1.0,
        "p@3": 0.3333333333333333,
        "p@5": 0.2,
        "p@10": 0.1,
        "r@1": 1.0,
        "r@3": 1.0,
        "r@5": 1.0,
        "r@10": 1.0,
        "mrr": 1.0,
        "n": 8
      },
      "medium": {
        "p@1": 1.0,
        "p@3": 0.4583333333333333,
        "p@5": 0.275,
        "p@10": 0.15,
        "r@1": 0.7916666666666666,
        "r@3": 0.9375,
        "r@5": 0.9375,
        "r@10": 1.0,
        "mrr": 1.0,
        "n": 8
      },
      "hard": {
        "p@1": 1.0,
        "p@3": 0.38888888888888884,
        "p@5": 0.23333333333333334,
        "p@10": 0.11666666666666667,
        "r@1": 0.9166666666666666,
        "r@3": 1.0,
        "r@5": 1.0,
        "r@10": 1.0,
        "mrr": 1.0,
        "n": 6
      }
    }
  },
  "per_query": [
    {
      "qid": "Q01",
      "tier": "easy",
      "p@1": 1.0,
      "r@1": 1.0,
      "p@3": 0.3333333333333333,
      "r@3": 1.0,
      "p@5": 0.2,
      "r@5": 1.0,
      "p@10": 0.1,
      "r@10": 1.0,
      "rr": 1.0,
      "rewrite": "handover ping pong too early handover a3 offset hysteresis time to trigger cell individual offset",
      "ce_max": 0.8834,
      "gate": false
    },
    {
      "qid": "Q02",
      "tier": "medium",
      "p@1": 1.0,
      "r@1": 0.5,
      "p@3": 0.6666666666666666,
      "r@3": 1.0,
      "p@5": 0.4,
      "r@5": 1.0,
      "p@10": 0.2,
      "r@10": 1.0,
      "rr": 1.0,
      "rewrite": "ping pong handover idle cell reselection overlapping coverage hysteresis a3 offset time to trigger",
      "ce_max": 0.0151,
      "gate": true
    },
    {
      "qid": "Q03",
      "tier": "medium",
      "p@1": 1.0,
      "r@1": 1.0,
      "p@3": 0.3333333333333333,
      "r@3": 1.0,
      "p@5": 0.2,
      "r@5": 1.0,
      "p@10": 0.1,
      "r@10": 1.0,
      "rr": 1.0,
      "rewrite": "idle mode cell reselection ping pong tracking area update paging q hysteresis t reselection",
      "ce_max": 0.0459,
      "gate": true
    },
    {
      "qid": "Q04",
      "tier": "easy",
      "p@1": 1.0,
      "r@1": 1.0,
      "p@3": 0.3333333333333333,
      "r@3": 1.0,
      "p@5": 0.2,
      "r@5": 1.0,
      "p@10": 0.1,
      "r@10": 1.0,
      "rr": 1.0,
      "rewrite": "too-late handover measurement report a3 offset time-to-trigger high mobility radio link failure",
      "ce_max": 0.9993,
      "gate": false
    },
    {
      "qid": "Q05",
      "tier": "hard",
      "p@1": 1.0,
      "r@1": 1.0,
      "p@3": 0.3333333333333333,
      "r@3": 1.0,
      "p@5": 0.2,
      "r@5": 1.0,
      "p@10": 0.1,
      "r@10": 1.0,
      "rr": 1.0,
      "rewrite": "handover failure sector boundary radio link failure too late handover a3 offset time to trigger",
      "ce_max": 0.0002,
      "gate": true
    },
    {
      "qid": "Q06",
      "tier": "medium",
      "p@1": 1.0,
      "r@1": 1.0,
      "p@3": 0.3333333333333333,
      "r@3": 1.0,
      "p@5": 0.2,
      "r@5": 1.0,
      "p@10": 0.1,
      "r@10": 1.0,
      "rr": 1.0,
      "rewrite": "too early handover radio link failure reestablishment source cell",
      "ce_max": 0.0305,
      "gate": true
    },
    {
      "qid": "Q07",
      "tier": "medium",
      "p@1": 1.0,
      "r@1": 0.3333333333333333,
      "p@3": 1.0,
      "r@3": 1.0,
      "p@5": 0.6,
      "r@5": 1.0,
      "p@10": 0.3,
      "r@10": 1.0,
      "rr": 1.0,
      "rewrite": "handover event a3 a3 offset time to trigger too early handover too late handover",
      "ce_max": 0.9922,
      "gate": false
    },
    {
      "qid": "Q08",
      "tier": "easy",
      "p@1": 1.0,
      "r@1": 1.0,
      "p@3": 0.3333333333333333,
      "r@3": 1.0,
      "p@5": 0.2,
      "r@5": 1.0,
      "p@10": 0.1,
      "r@10": 1.0,
      "rr": 1.0,
      "rewrite": "handover failure t304 expiry rach target cell",
      "ce_max": 0.7137,
      "gate": false
    },
    {
      "qid": "Q09",
      "tier": "medium",
      "p@1": 1.0,
      "r@1": 0.5,
      "p@3": 0.3333333333333333,
      "r@3": 0.5,
      "p@5": 0.2,
      "r@5": 0.5,
      "p@10": 0.2,
      "r@10": 1.0,
      "rr": 1.0,
      "rewrite": "handover rach failure no random access response target cell",
      "ce_max": 0.9869,
      "gate": false
    },
    {
      "qid": "Q10",
      "tier": "easy",
      "p@1": 1.0,
      "r@1": 1.0,
      "p@3": 0.3333333333333333,
      "r@3": 1.0,
      "p@5": 0.2,
      "r@5": 1.0,
      "p@10": 0.1,
      "r@10": 1.0,
      "rr": 1.0,
      "rewrite": "n310 t310 n311 radio link failure ue in sync out of sync",
      "ce_max": 0.9985,
      "gate": false
    },
    {
      "qid": "Q11",
      "tier": "hard",
      "p@1": 1.0,
      "r@1": 0.5,
      "p@3": 0.6666666666666666,
      "r@3": 1.0,
      "p@5": 0.4,
      "r@5": 1.0,
      "p@10": 0.2,
      "r@10": 1.0,
      "rr": 1.0,
      "rewrite": "radio link failure coverage hole uplink coverage basement stairwell",
      "ce_max": 0.0,
      "gate": true
    },
    {
      "qid": "Q12",
      "tier": "medium",
      "p@1": 1.0,
      "r@1": 1.0,
      "p@3": 0.3333333333333333,
      "r@3": 1.0,
      "p@5": 0.2,
      "r@5": 1.0,
      "p@10": 0.1,
      "r@10": 1.0,
      "rr": 1.0,
      "rewrite": "radio link failure rrc re establishment suitable cell search t311",
      "ce_max": 0.2797,
      "gate": true
    },
    {
      "qid": "Q13",
      "tier": "medium",
      "p@1": 1.0,
      "r@1": 1.0,
      "p@3": 0.3333333333333333,
      "r@3": 1.0,
      "p@5": 0.2,
      "r@5": 1.0,
      "p@10": 0.1,
      "r@10": 1.0,
      "rr": 1.0,
      "rewrite": "fr2 beam failure beam recovery blockage",
      "ce_max": 0.0006,
      "gate": true
    },
    {
      "qid": "Q14",
      "tier": "hard",
      "p@1": 1.0,
      "r@1": 1.0,
      "p@3": 0.3333333333333333,
      "r@3": 1.0,
      "p@5": 0.2,
      "r@5": 1.0,
      "p@10": 0.1,
      "r@10": 1.0,
      "rr": 1.0,
      "rewrite": "inter frequency neighbour measurement gaps handover radio link failure",
      "ce_max": 0.0193,
      "gate": true
    },
    {
      "qid": "Q15",
      "tier": "easy",
      "p@1": 1.0,
      "r@1": 1.0,
      "p@3": 0.3333333333333333,
      "r@3": 1.0,
      "p@5": 0.2,
      "r@5": 1.0,
      "p@10": 0.1,
      "r@10": 1.0,
      "rr": 1.0,
      "rewrite": "measurement gaps inter-frequency neighbour measurement",
      "ce_max": 0.9749,
      "gate": false
    },
    {
      "qid": "Q16",
      "tier": "easy",
      "p@1": 1.0,
      "r@1": 1.0,
      "p@3": 0.3333333333333333,
      "r@3": 1.0,
      "p@5": 0.2,
      "r@5": 1.0,
      "p@10": 0.1,
      "r@10": 1.0,
      "rr": 1.0,
      "rewrite": "a3 offset measurement report too-late handover",
      "ce_max": 0.9954,
      "gate": false
    },
    {
      "qid": "Q17",
      "tier": "easy",
      "p@1": 1.0,
      "r@1": 1.0,
      "p@3": 0.3333333333333333,
      "r@3": 1.0,
      "p@5": 0.2,
      "r@5": 1.0,
      "p@10": 0.1,
      "r@10": 1.0,
      "rr": 1.0,
      "rewrite": "xn handover request reject target gnb admission control handover preparation failure cause value",
      "ce_max": 0.9987,
      "gate": false
    },
    {
      "qid": "Q18",
      "tier": "hard",
      "p@1": 1.0,