{
  "run": "hybrid_rrf_rewrite_rerank",
  "timestamp": "20260704_161714",
  "config": {
    "embed_model": "nomic-embed-text",
    "collection": "telco_ran",
    "qdrant_mode": "server",
    "retrieval_k": 10,
    "reranker": "BAAI/bge-reranker-base",
    "generator": "ollama:qwen2.5:7b",
    "rewrite_prompt": "v2",
    "hybrid": true,
    "lane_k": 10,
    "rrf_k": 60,
    "ce_floor": 0.5,
    "pool_k": 20,
    "cutoffs": [
      1,
      3,
      5,
      10
    ]
  },
  "gold_set": "gold_set_v1.jsonl",
  "summary": {
    "overall": {
      "p@1": 0.6818181818181818,
      "p@3": 0.28787878787878785,
      "p@5": 0.18181818181818182,
      "p@10": 0.10454545454545455,
      "r@1": 0.6287878787878788,
      "r@3": 0.75,
      "r@5": 0.7727272727272727,
      "r@10": 0.8409090909090909,
      "mrr": 0.734469696969697,
      "n": 22
    },
    "by_tier": {
      "easy": {
        "p@1": 1.0,
        "p@3": 0.3333333333333333,
        "p@5": 0.2,
        "p@10": 0.1,
        "r@1": 1.0,
        "r@3": 1.0,
        "r@5": 1.0,
        "r@10": 1.0,
        "mrr": 1.0,
        "n": 8
      },
      "medium": {
        "p@1": 0.75,
        "p@3": 0.3333333333333333,
        "p@5": 0.2,
        "p@10": 0.125,
        "r@1": 0.6041666666666666,
        "r@3": 0.6875,
        "r@5": 0.6875,
        "r@10": 0.8125,
        "mrr": 0.765625,
        "n": 8
      },
      "hard": {
        "p@1": 0.16666666666666666,
        "p@3": 0.16666666666666666,
        "p@5": 0.13333333333333333,
        "p@10": 0.08333333333333334,
        "r@1": 0.16666666666666666,
        "r@3": 0.5,
        "r@5": 0.5833333333333334,
        "r@10": 0.6666666666666666,
        "mrr": 0.3388888888888889,
        "n": 6
      }
    }
  },
  "per_query": [
    {
      "qid": "Q01",
      "tier": "easy",
      "p@1": 1.0,
      "r@1": 1.0,
      "p@3": 0.3333333333333333,
      "r@3": 1.0,
      "p@5": 0.2,
      "r@5": 1.0,
      "p@10": 0.1,
      "r@10": 1.0,
      "rr": 1.0,
      "ce_max": 0.8834,
      "gate": false
    },
    {
      "qid": "Q02",
      "tier": "medium",
      "p@1": 0.0,
      "r@1": 0.0,
      "p@3": 0.0,
      "r@3": 0.0,
      "p@5": 0.0,
      "r@5": 0.0,
      "p@10": 0.2,
      "r@10": 1.0,
      "rr": 0.125,
      "ce_max": 0.0151,
      "gate": true
    },
    {
      "qid": "Q03",
      "tier": "medium",
      "p@1": 1.0,
      "r@1": 1.0,
      "p@3": 0.3333333333333333,
      "r@3": 1.0,
      "p@5": 0.2,
      "r@5": 1.0,
      "p@10": 0.1,
      "r@10": 1.0,
      "rr": 1.0,
      "ce_max": 0.0459,
      "gate": true
    },
    {
      "qid": "Q04",
      "tier": "easy",
      "p@1": 1.0,
      "r@1": 1.0,
      "p@3": 0.3333333333333333,
      "r@3": 1.0,
      "p@5": 0.2,
      "r@5": 1.0,
      "p@10": 0.1,
      "r@10": 1.0,
      "rr": 1.0,
      "ce_max": 0.9993,
      "gate": false
    },
    {
      "qid": "Q05",
      "tier": "hard",
      "p@1": 0.0,
      "r@1": 0.0,
      "p@3": 0.0,
      "r@3": 0.0,
      "p@5": 0.0,
      "r@5": 0.0,
      "p@10": 0.0,
      "r@10": 0.0,
      "rr": 0.0,
      "ce_max": 0.0002,
      "gate": true
    },
    {
      "qid": "Q06",
      "tier": "medium",
      "p@1": 1.0,
      "r@1": 1.0,
      "p@3": 0.3333333333333333,
      "r@3": 1.0,
      "p@5": 0.2,
      "r@5": 1.0,
      "p@10": 0.1,
      "r@10": 1.0,
      "rr": 1.0,
      "ce_max": 0.0305,
      "gate": true
    },
    {
      "qid": "Q07",
      "tier": "medium",
      "p@1": 1.0,
      "r@1": 0.3333333333333333,
      "p@3": 1.0,
      "r@3": 1.0,
      "p@5": 0.6,
      "r@5": 1.0,
      "p@10": 0.3,
      "r@10": 1.0,
      "rr": 1.0,
      "ce_max": 0.9922,
      "gate": false
    },
    {
      "qid": "Q08",
      "tier": "easy",
      "p@1": 1.0,
      "r@1": 1.0,
      "p@3": 0.3333333333333333,
      "r@3": 1.0,
      "p@5": 0.2,
      "r@5": 1.0,
      "p@10": 0.1,
      "r@10": 1.0,
      "rr": 1.0,
      "ce_max": 0.7137,
      "gate": false
    },
    {
      "qid": "Q09",
      "tier": "medium",
      "p@1": 1.0,
      "r@1": 0.5,
      "p@3": 0.3333333333333333,
      "r@3": 0.5,
      "p@5": 0.2,
      "r@5": 0.5,
      "p@10": 0.1,
      "r@10": 0.5,
      "rr": 1.0,
      "ce_max": 0.9869,
      "gate": false
    },
    {
      "qid": "Q10",
      "tier": "easy",
      "p@1": 1.0,
      "r@1": 1.0,
      "p@3": 0.3333333333333333,
      "r@3": 1.0,
      "p@5": 0.2,
      "r@5": 1.0,
      "p@10": 0.1,
      "r@10": 1.0,
      "rr": 1.0,
      "ce_max": 0.9985,
      "gate": false
    },
    {
      "qid": "Q11",
      "tier": "hard",
      "p@1": 0.0,
      "r@1": 0.0,
      "p@3": 0.0,
      "r@3": 0.0,
      "p@5": 0.2,
      "r@5": 0.5,
      "p@10": 0.2,
      "r@10": 1.0,
      "rr": 0.2,
      "ce_max": 0.0,
      "gate": true
    },
    {
      "qid": "Q12",
      "tier": "medium",
      "p@1": 1.0,
      "r@1": 1.0,
      "p@3": 0.3333333333333333,
      "r@3": 1.0,
      "p@5": 0.2,
      "r@5": 1.0,
      "p@10": 0.1,
      "r@10": 1.0,
      "rr": 1.0,
      "ce_max": 0.2797,
      "gate": true
    },
    {
      "qid": "Q13",
      "tier": "medium",
      "p@1": 0.0,
      "r@1": 0.0,
      "p@3": 0.0,
      "r@3": 0.0,
      "p@5": 0.0,
      "r@5": 0.0,
      "p@10": 0.0,
      "r@10": 0.0,
      "rr": 0.0,
      "ce_max": 0.0006,
      "gate": true
    },
    {
      "qid": "Q14",
      "tier": "hard",
      "p@1": 0.0,
      "r@1": 0.0,
      "p@3": 0.3333333333333333,
      "r@3": 1.0,
      "p@5": 0.2,
      "r@5": 1.0,
      "p@10": 0.1,
      "r@10": 1.0,
      "rr": 0.5,
      "ce_max": 0.0193,
      "gate": true
    },
    {
      "qid": "Q15",
      "tier": "easy",
      "p@1": 1.0,
      "r@1": 1.0,
      "p@3": 0.3333333333333333,
      "r@3": 1.0,
      "p@5": 0.2,
      "r@5": 1.0,
      "p@10": 0.1,
      "r@10": 1.0,
      "rr": 1.0,
      "ce_max": 0.9749,
      "gate": false
    },
    {
      "qid": "Q16",
      "tier": "easy",
      "p@1": 1.0,
      "r@1": 1.0,
      "p@3": 0.3333333333333333,
      "r@3": 1.0,
      "p@5": 0.2,
      "r@5": 1.0,
      "p@10": 0.1,
      "r@10": 1.0,
      "rr": 1.0,
      "ce_max": 0.9954,
      "gate": false
    },
    {
      "qid": "Q17",
      "tier": "easy",
      "p@1": 1.0,
      "r@1": 1.0,
      "p@3": 0.3333333333333333,
      "r@3": 1.0,
      "p@5": 0.2,
      "r@5": 1.0,
      "p@10": 0.1,
      "r@10": 1.0,
      "rr": 1.0,
      "ce_max": 0.9987,
      "gate": false
    },
    {
      "qid": "Q18",
      "tier": "hard",
      "p@1": 0.0,
      "r@1": 0.0,
      "p@3": 0.3333333333333333,
      "r@3": 1.0,
      "p@5": 0.2,
      "r@5": 1.0,
      "p@10": 0.1,
      "r@10": 1.0,
      "rr": 0.3333333333333333,
      "ce_max": 0.0229,
      "gate": true
    },
    {
      "qid": "Q19",
      "tier": "hard",
      "p@1": 0.0,
      "r@1": 0.0,
      "p@3": 0.0,
      "r@3": 0.0,
      "p@5": 0.0,
      "r@5": 0.0,
      "p@10": 0.0,
      "r@10": 0.0,
      "rr": 0.0,
      "ce_max": 0.0339,
      "gate": true
    },
    {
      "qid": "Q20",
      "tier": "easy",
      "p@1": 1.0,
      "r@1": 1.0,
      "p@3": 0.3333333333333333,
      "r@3": 1.0,
      "p@5": 0.2,
      "r@5": 1.0,
      "p@10": 0.1,
      "r@10": 1.0,
      "rr": 1.0,
      "ce_max": 0.9991,
      "gate": false
    },
    {
      "qid": "Q21",
      "tier": "medium",
      "p@1": 1.0,
      "r@1": 1.0,
      "p@3": 0.3333333333333333,
      "r@3": 1.0,
      "p@5": 0.2,
      "r@5": 1.0,
      "p@10": 0.1,
      "r@10": 1.0,
      "rr": 1.0,
      "ce_max": 0.9426,
      "gate": false
    },
    {
      "qid": "Q22",
      "tier": "hard",
      "p@1": 1.0,
      "r@1": 1.0,
      "p@3": 0.3333333333333333,
      "r@3": 1.0,
      "p@5": 0.2,
      "r@5": 1.0,
      "p@10": 0.1,
      "r@10": 1.0,
      "rr": 1.0,
      "ce_max": 0.5406,
      "gate": false
    }
  ]
}