{
  "run": "agent_react",
  "timestamp": "20260704_171537",
  "config": {
    "generator": "openai:gpt-5.5",
    "budget": 3,
    "ce_floor": 0.5,
    "k": 10,
    "lane_k": 10,
    "qdrant_mode": "server",
    "cutoffs": [
      1,
      3,
      5,
      10
    ],
    "total_tool_calls": 75,
    "total_llm_calls": 3
  },
  "summary": {
    "overall": {
      "p@1": 0.9090909090909091,
      "p@3": 0.36363636363636365,
      "p@5": 0.2363636363636364,
      "p@10": 0.1181818181818182,
      "r@1": 0.8333333333333334,
      "r@3": 0.9090909090909091,
      "r@5": 0.9772727272727273,
      "r@10": 0.9772727272727273,
      "mrr": 0.9356060606060606,
      "n": 22
    },
    "by_tier": {
      "easy": {
        "p@1": 1.0,
        "p@3": 0.3333333333333333,
        "p@5": 0.2,
        "p@10": 0.1,
        "r@1": 1.0,
        "r@3": 1.0,
        "r@5": 1.0,
        "r@10": 1.0,
        "mrr": 1.0,
        "n": 8
      },
      "medium": {
        "p@1": 0.875,
        "p@3": 0.41666666666666663,
        "p@5": 0.275,
        "p@10": 0.1375,
        "r@1": 0.7291666666666666,
        "r@3": 0.875,
        "r@5": 0.9375,
        "r@10": 0.9375,
        "mrr": 0.9166666666666666,
        "n": 8
      },
      "hard": {
        "p@1": 0.8333333333333334,
        "p@3": 0.3333333333333333,
        "p@5": 0.23333333333333334,
        "p@10": 0.11666666666666667,
        "r@1": 0.75,
        "r@3": 0.8333333333333334,
        "r@5": 1.0,
        "r@10": 1.0,
        "mrr": 0.875,
        "n": 6
      }
    }
  },
  "per_query": [
    {
      "qid": "Q01",
      "tier": "easy",
      "tool_calls": 3,
      "llm_calls": 0,
      "stop_step": 2,
      "p@1": 1.0,
      "r@1": 1.0,
      "p@3": 0.3333333333333333,
      "r@3": 1.0,
      "p@5": 0.2,
      "r@5": 1.0,
      "p@10": 0.1,
      "r@10": 1.0,
      "rr": 1.0
    },
    {
      "qid": "Q02",
      "tier": "medium",
      "tool_calls": 3,
      "llm_calls": 0,
      "stop_step": 2,
      "p@1": 0.0,
      "r@1": 0.0,
      "p@3": 0.3333333333333333,
      "r@3": 0.5,
      "p@5": 0.4,
      "r@5": 1.0,
      "p@10": 0.2,
      "r@10": 1.0,
      "rr": 0.3333333333333333
    },
    {
      "qid": "Q03",
      "tier": "medium",
      "tool_calls": 3,
      "llm_calls": 0,
      "stop_step": 2,
      "p@1": 1.0,
      "r@1": 1.0,
      "p@3": 0.3333333333333333,
      "r@3": 1.0,
      "p@5": 0.2,
      "r@5": 1.0,
      "p@10": 0.1,
      "r@10": 1.0,
      "rr": 1.0
    },
    {
      "qid": "Q04",
      "tier": "easy",
      "tool_calls": 3,
      "llm_calls": 0,
      "stop_step": 2,
      "p@1": 1.0,
      "r@1": 1.0,
      "p@3": 0.3333333333333333,
      "r@3": 1.0,
      "p@5": 0.2,
      "r@5": 1.0,
      "p@10": 0.1,
      "r@10": 1.0,
      "rr": 1.0
    },
    {
      "qid": "Q05",
      "tier": "hard",
      "tool_calls": 6,
      "llm_calls": 1,
      "stop_step": 3,
      "p@1": 1.0,
      "r@1": 1.0,
      "p@3": 0.3333333333333333,
      "r@3": 1.0,
      "p@5": 0.2,
      "r@5": 1.0,
      "p@10": 0.1,
      "r@10": 1.0,
      "rr": 1.0
    },
    {
      "qid": "Q06",
      "tier": "medium",
      "tool_calls": 3,
      "llm_calls": 0,
      "stop_step": 2,
      "p@1": 1.0,
      "r@1": 1.0,
      "p@3": 0.3333333333333333,
      "r@3": 1.0,
      "p@5": 0.2,
      "r@5": 1.0,
      "p@10": 0.1,
      "r@10": 1.0,
      "rr": 1.0
    },
    {
      "qid": "Q07",
      "tier": "medium",
      "tool_calls": 3,
      "llm_calls": 0,
      "stop_step": 2,
      "p@1": 1.0,
      "r@1": 0.3333333333333333,
      "p@3": 1.0,
      "r@3": 1.0,
      "p@5": 0.6,
      "r@5": 1.0,
      "p@10": 0.3,
      "r@10": 1.0,
      "rr": 1.0
    },
    {
      "qid": "Q08",
      "tier": "easy",
      "tool_calls": 3,
      "llm_calls": 0,
      "stop_step": 2,
      "p@1": 1.0,
      "r@1": 1.0,
      "p@3": 0.3333333333333333,
      "r@3": 1.0,
      "p@5": 0.2,
      "r@5": 1.0,
      "p@10": 0.1,
      "r@10": 1.0,
      "rr": 1.0
    },
    {
      "qid": "Q09",
      "tier": "medium",
      "tool_calls": 3,
      "llm_calls": 0,
      "stop_step": 2,
      "p@1": 1.0,
      "r@1": 0.5,
      "p@3": 0.3333333333333333,
      "r@3": 0.5,
      "p@5": 0.2,
      "r@5": 0.5,
      "p@10": 0.1,
      "r@10": 0.5,
      "rr": 1.0
    },
    {
      "qid": "Q10",
      "tier": "easy",
      "tool_calls": 3,
      "llm_calls": 0,
      "stop_step": 2,
      "p@1": 1.0,
      "r@1": 1.0,
      "p@3": 0.3333333333333333,
      "r@3": 1.0,
      "p@5": 0.2,
      "r@5": 1.0,
      "p@10": 0.1,
      "r@10": 1.0,
      "rr": 1.0
    },
    {
      "qid": "Q11",
      "tier": "hard",
      "tool_calls": 3,
      "llm_calls": 0,
      "stop_step": 2,
      "p@1": 1.0,
      "r@1": 0.5,
      "p@3": 0.6666666666666666,
      "r@3": 1.0,
      "p@5": 0.4,
      "r@5": 1.0,
      "p@10": 0.2,
      "r@10": 1.0,
      "rr": 1.0
    },
    {
      "qid": "Q12",
      "tier": "medium",
      "tool_calls": 3,
      "llm_calls": 0,
      "stop_step": 2,
      "p@1": 1.0,
      "r@1": 1.0,
      "p@3": 0.3333333333333333,
      "r@3": 1.0,
      "p@5": 0.2,
      "r@5": 1.0,
      "p@10": 0.1,
      "r@10": 1.0,
      "rr": 1.0
    },
    {
      "qid": "Q13",
      "tier": "medium",
      "tool_calls": 6,
      "llm_calls": 1,
      "stop_step": 3,
      "p@1": 1.0,
      "r@1": 1.0,
      "p@3": 0.3333333333333333,
      "r@3": 1.0,
      "p@5": 0.2,
      "r@5": 1.0,
      "p@10": 0.1,
      "r@10": 1.0,
      "rr": 1.0
    },
    {
      "qid": "Q14",
      "tier": "hard",
      "tool_calls": 3,
      "llm_calls": 0,
      "stop_step": 2,
      "p@1": 0.0,
      "r@1": 0.0,
      "p@3": 0.0,
      "r@3": 0.0,
      "p@5": 0.2,
      "r@5": 1.0,
      "p@10": 0.1,
      "r@10": 1.0,
      "rr": 0.25
    },
    {
      "qid": "Q15",
      "tier": "easy",
      "tool_calls": 3,
      "llm_calls": 0,
      "stop_step": 2,
      "p@1": 1.0,
      "r@1": 1.0,
      "p@3": 0.3333333333333333,
      "r@3": 1.0,
      "p@5": 0.2,
      "r@5": 1.0,
      "p@10": 0.1,
      "r@10": 1.0,
      "rr": 1.0
    },
    {
      "qid": "Q16",
      "tier": "easy",
      "tool_calls": 3,
      "llm_calls": 0,
      "stop_step": 2,
      "p@1": 1.0,
      "r@1": 1.0,
      "p@3": 0.3333333333333333,
      "r@3": 1.0,
      "p@5": 0.2,
      "r@5": 1.0,
      "p@10": 0.1,
      "r@10": 1.0,
      "rr": 1.0
    },
    {
      "qid": "Q17",
      "tier": "easy",
      "tool_calls": 3,
      "llm_calls": 0,
      "stop_step": 2,
      "p@1": 1.0,
      "r@1": 1.0,
      "p@3": 0.3333333333333333,
      "r@3": 1.0,
      "p@5": 0.2,
      "r@5": 1.0,
      "p@10": 0.1,
      "r@10": 1.0,
      "rr": 1.0
    },
    {
      "qid": "Q18",
      "tier": "hard",
      "tool_calls": 3,
      "llm_calls": 0,
      "stop_step": 2,
      "p@1": 1.0,
      "r@1": 1.0,
      "p@3": 0.3333333333333333,
      "r@3": 1.0,
      "p@5": 0.2,
      "r@5": 1.0,
      "p@10": 0.1,
      "r@10": 1.0,
      "rr": 1.0
    },
    {
      "qid": "Q19",
      "tier": "hard",
      "tool_calls": 6,
      "llm_calls": 1,
      "stop_step": 3,
      "p@1": 1.0,
      "r@1": 1.0,
      "p@3": 0.3333333333333333,
      "r@3": 1.0,
      "p@5": 0.2,
      "r@5": 1.0,
      "p@10": 0.1,
      "r@10": 1.0,
      "rr": 1.0
    },
    {
      "qid": "Q20",
      "tier": "easy",
      "tool_calls": 3,
      "llm_calls": 0,
      "stop_step": 2,
      "p@1": 1.0,
      "r@1": 1.0,
      "p@3": 0.3333333333333333,
      "r@3": 1.0,
      "p@5": 0.2,
      "r@5": 1.0,
      "p@10": 0.1,
      "r@10": 1.0,
      "rr": 1.0
    },
    {
      "qid": "Q21",
      "tier": "medium",
      "tool_calls": 3,
      "llm_calls": 0,
      "stop_step": 2,
      "p@1": 1.0,
      "r@1": 1.0,
      "p@3": 0.3333333333333333,
      "r@3": 1.0,
      "p@5": 0.2,
      "r@5": 1.0,
      "p@10": 0.1,
      "r@10": 1.0,
      "rr": 1.0
    },
    {
      "qid": "Q22",
      "tier": "hard",
      "tool_calls": 3,
      "llm_calls": 0,
      "stop_step": 2,
      "p@1": 1.0,
      "r@1": 1.0,