{
  "run": "dense_plus_rerank",
  "timestamp": "20260703_220513",
  "config": {
    "embed_model": "nomic-embed-text",
    "embed_dim": 768,
    "collection": "telco_ran",
    "qdrant_mode": "server",
    "retrieval_k": 10,
    "reranker": "BAAI/bge-reranker-base",
    "cutoffs": [
      1,
      3,
      5,
      10
    ]
  },
  "gold_set": "gold_set_v1.jsonl",
  "summary": {
    "overall": {
      "p@1": 0.7272727272727273,
      "p@3": 0.3333333333333333,
      "p@5": 0.2,
      "p@10": 0.10454545454545455,
      "r@1": 0.6515151515151515,
      "r@3": 0.8181818181818182,
      "r@5": 0.8181818181818182,
      "r@10": 0.8409090909090909,
      "mrr": 0.7803030303030303,
      "n": 22
    },
    "by_tier": {
      "easy": {
        "p@1": 1.0,
        "p@3": 0.3333333333333333,
        "p@5": 0.2,
        "p@10": 0.1,
        "r@1": 1.0,
        "r@3": 1.0,
        "r@5": 1.0,
        "r@10": 1.0,
        "mrr": 1.0,
        "n": 8
      },
      "medium": {
        "p@1": 0.875,
        "p@3": 0.4583333333333333,
        "p@5": 0.275,
        "p@10": 0.1375,
        "r@1": 0.6666666666666666,
        "r@3": 0.9375,
        "r@5": 0.9375,
        "r@10": 0.9375,
        "mrr": 0.9166666666666666,
        "n": 8
      },
      "hard": {
        "p@1": 0.16666666666666666,
        "p@3": 0.16666666666666666,
        "p@5": 0.1,
        "p@10": 0.06666666666666667,
        "r@1": 0.16666666666666666,
        "r@3": 0.4166666666666667,
        "r@5": 0.4166666666666667,
        "r@10": 0.5,
        "mrr": 0.3055555555555556,
        "n": 6
      }
    }
  },
  "per_query": [
    {
      "qid": "Q01",
      "tier": "easy",
      "p@1": 1.0,
      "r@1": 1.0,
      "p@3": 0.3333333333333333,
      "r@3": 1.0,
      "p@5": 0.2,
      "r@5": 1.0,
      "p@10": 0.1,
      "r@10": 1.0,
      "rr": 1.0
    },
    {
      "qid": "Q02",
      "tier": "medium",
      "p@1": 1.0,
      "r@1": 0.5,
      "p@3": 0.6666666666666666,
      "r@3": 1.0,
      "p@5": 0.4,
      "r@5": 1.0,
      "p@10": 0.2,
      "r@10": 1.0,
      "rr": 1.0
    },
    {
      "qid": "Q03",
      "tier": "medium",
      "p@1": 1.0,
      "r@1": 1.0,
      "p@3": 0.3333333333333333,
      "r@3": 1.0,
      "p@5": 0.2,
      "r@5": 1.0,
      "p@10": 0.1,
      "r@10": 1.0,
      "rr": 1.0
    },
    {
      "qid": "Q04",
      "tier": "easy",
      "p@1": 1.0,
      "r@1": 1.0,
      "p@3": 0.3333333333333333,
      "r@3": 1.0,
      "p@5": 0.2,
      "r@5": 1.0,
      "p@10": 0.1,
      "r@10": 1.0,
      "rr": 1.0
    },
    {
      "qid": "Q05",
      "tier": "hard",
      "p@1": 0.0,
      "r@1": 0.0,
      "p@3": 0.0,
      "r@3": 0.0,
      "p@5": 0.0,
      "r@5": 0.0,
      "p@10": 0.0,
      "r@10": 0.0,
      "rr": 0.0
    },
    {
      "qid": "Q06",
      "tier": "medium",
      "p@1": 1.0,
      "r@1": 1.0,
      "p@3": 0.3333333333333333,
      "r@3": 1.0,
      "p@5": 0.2,
      "r@5": 1.0,
      "p@10": 0.1,
      "r@10": 1.0,
      "rr": 1.0
    },
    {
      "qid": "Q07",
      "tier": "medium",
      "p@1": 1.0,
      "r@1": 0.3333333333333333,
      "p@3": 1.0,
      "r@3": 1.0,
      "p@5": 0.6,
      "r@5": 1.0,
      "p@10": 0.3,
      "r@10": 1.0,
      "rr": 1.0
    },
    {
      "qid": "Q08",
      "tier": "easy",
      "p@1": 1.0,
      "r@1": 1.0,
      "p@3": 0.3333333333333333,
      "r@3": 1.0,
      "p@5": 0.2,
      "r@5": 1.0,
      "p@10": 0.1,
      "r@10": 1.0,
      "rr": 1.0
    },
    {
      "qid": "Q09",
      "tier": "medium",
      "p@1": 1.0,
      "r@1": 0.5,
      "p@3": 0.3333333333333333,
      "r@3": 0.5,
      "p@5": 0.2,
      "r@5": 0.5,
      "p@10": 0.1,
      "r@10": 0.5,
      "rr": 1.0
    },
    {
      "qid": "Q10",
      "tier": "easy",
      "p@1": 1.0,
      "r@1": 1.0,
      "p@3": 0.3333333333333333,
      "r@3": 1.0,
      "p@5": 0.2,
      "r@5": 1.0,
      "p@10": 0.1,
      "r@10": 1.0,
      "rr": 1.0
    },
    {
      "qid": "Q11",
      "tier": "hard",
      "p@1": 0.0,
      "r@1": 0.0,
      "p@3": 0.3333333333333333,
      "r@3": 0.5,
      "p@5": 0.2,
      "r@5": 0.5,
      "p@10": 0.2,
      "r@10": 1.0,
      "rr": 0.5
    },
    {
      "qid": "Q12",
      "tier": "medium",
      "p@1": 1.0,
      "r@1": 1.0,
      "p@3": 0.3333333333333333,
      "r@3": 1.0,
      "p@5": 0.2,
      "r@5": 1.0,
      "p@10": 0.1,
      "r@10": 1.0,
      "rr": 1.0
    },
    {
      "qid": "Q13",
      "tier": "medium",
      "p@1": 0.0,
      "r@1": 0.0,
      "p@3": 0.3333333333333333,
      "r@3": 1.0,
      "p@5": 0.2,
      "r@5": 1.0,
      "p@10": 0.1,
      "r@10": 1.0,
      "rr": 0.3333333333333333
    },
    {
      "qid": "Q14",
      "tier": "hard",
      "p@1": 0.0,
      "r@1": 0.0,
      "p@3": 0.0,
      "r@3": 0.0,
      "p@5": 0.0,
      "r@5": 0.0,
      "p@10": 0.0,
      "r@10": 0.0,
      "rr": 0.0
    },
    {
      "qid": "Q15",
      "tier": "easy",
      "p@1": 1.0,
      "r@1": 1.0,
      "p@3": 0.3333333333333333,
      "r@3": 1.0,
      "p@5": 0.2,
      "r@5": 1.0,
      "p@10": 0.1,
      "r@10": 1.0,
      "rr": 1.0
    },
    {
      "qid": "Q16",
      "tier": "easy",
      "p@1": 1.0,
      "r@1": 1.0,
      "p@3": 0.3333333333333333,
      "r@3": 1.0,
      "p@5": 0.2,
      "r@5": 1.0,
      "p@10": 0.1,
      "r@10": 1.0,
      "rr": 1.0
    },
    {
      "qid": "Q17",
      "tier": "easy",
      "p@1": 1.0,
      "r@1": 1.0,
      "p@3": 0.3333333333333333,
      "r@3": 1.0,
      "p@5": 0.2,
      "r@5": 1.0,
      "p@10": 0.1,
      "r@10": 1.0,
      "rr": 1.0
    },
    {
      "qid": "Q18",
      "tier": "hard",
      "p@1": 0.0,
      "r@1": 0.0,
      "p@3": 0.3333333333333333,
      "r@3": 1.0,
      "p@5": 0.2,
      "r@5": 1.0,
      "p@10": 0.1,
      "r@10": 1.0,
      "rr": 0.3333333333333333
    },
    {
      "qid": "Q19",
      "tier": "hard",
      "p@1": 0.0,
      "r@1": 0.0,
      "p@3": 0.0,
      "r@3": 0.0,
      "p@5": 0.0,
      "r@5": 0.0,
      "p@10": 0.0,
      "r@10": 0.0,
      "rr": 0.0
    },
    {
      "qid": "Q20",
      "tier": "easy",
      "p@1": 1.0,
      "r@1": 1.0,
      "p@3": 0.3333333333333333,
      "r@3": 1.0,
      "p@5": 0.2,
      "r@5": 1.0,
      "p@10": 0.1,
      "r@10": 1.0,
      "rr": 1.0
    },
    {
      "qid": "Q21",
      "tier": "medium",
      "p@1": 1.0,
      "r@1": 1.0,
      "p@3": 0.3333333333333333,
      "r@3": 1.0,
      "p@5": 0.2,
      "r@5": 1.0,
      "p@10": 0.1,
      "r@10": 1.0,
      "rr": 1.0
    },
    {
      "qid": "Q22",
      "tier": "hard",
      "p@1": 1.0,
      "r@1": 1.0,
      "p@3": 0.3333333333333333,
      "r@3": 1.0,
      "p@5": 0.2,
      "r@5": 1.0,
      "p@10": 0.1,
      "r@10": 1.0,
      "rr": 1.0
    }
  ]
}